order_ref,status,category,resolution,confidence,delta,note
ORD-2000,matched,clean,,0.99,-0.00,"Payment, settlement and invoice agree within tolerance."
ORD-2001,matched,clean,,0.99,0.00,"Payment, settlement and invoice agree within tolerance."
ORD-2002,matched,clean,,0.99,0.00,"Payment, settlement and invoice agree within tolerance."
ORD-2003,matched,clean,,0.99,0.00,"Payment, settlement and invoice agree within tolerance."
ORD-2004,exception,settlement_fee_adjustment,resolved_automatically,0.90,-1529.13,"Settlement is ₹1,529.13 below the expected net — consistent with an additional deduction/GST rounding on the payout."
ORD-2005,matched,clean,,0.99,0.00,"Payment, settlement and invoice agree within tolerance."
ORD-2006,matched,clean,,0.99,0.00,"Payment, settlement and invoice agree within tolerance."
ORD-2007,matched,clean,,0.99,0.00,"Payment, settlement and invoice agree within tolerance."
ORD-2008,matched,clean,,0.99,0.00,"Payment, settlement and invoice agree within tolerance."
ORD-2009,matched,clean,,0.99,0.00,"Payment, settlement and invoice agree within tolerance."
ORD-2010,matched,clean,,0.99,0.00,"Payment, settlement and invoice agree within tolerance."
ORD-2011,matched,clean,,0.99,0.00,"Payment, settlement and invoice agree within tolerance."
ORD-2012,matched,clean,,0.99,0.00,"Payment, settlement and invoice agree within tolerance."
ORD-2013,exception,amount_anomaly,needs_review,0.20,-2587.16,"Settlement credit (₹469.60) is far from the expected net (₹3,056.76) — too large to explain as a fee. Flagged for review."
ORD-2014,matched,clean,,0.99,0.00,"Payment, settlement and invoice agree within tolerance."
ORD-2015,exception,missing_invoice,needs_review,0.40,0.00,Payment settled but no invoice was raised for it.
ORD-2016,matched,clean,,0.99,0.00,"Payment, settlement and invoice agree within tolerance."
ORD-2017,matched,clean,,0.99,0.00,"Payment, settlement and invoice agree within tolerance."
ORD-2018,matched,clean,,0.99,0.00,"Payment, settlement and invoice agree within tolerance."
ORD-2019,matched,clean,,0.99,0.00,"Payment, settlement and invoice agree within tolerance."
ORD-2020,exception,settlement_fee_adjustment,resolved_automatically,0.90,-2370.03,"Settlement is ₹2,370.03 below the expected net — consistent with an additional deduction/GST rounding on the payout."
ORD-2021,matched,clean,,0.99,0.00,"Payment, settlement and invoice agree within tolerance."
ORD-2022,matched,clean,,0.99,0.00,"Payment, settlement and invoice agree within tolerance."
ORD-2023,exception,delayed_settlement,resolved_automatically,0.75,5.00,Settlement landed 5 days after processing (expected 1) — bank-side delay.
ORD-2024,matched,clean,,0.99,0.00,"Payment, settlement and invoice agree within tolerance."
ORD-2025,matched,clean,,0.99,0.00,"Payment, settlement and invoice agree within tolerance."
ORD-2026,matched,clean,,0.99,0.00,"Payment, settlement and invoice agree within tolerance."
ORD-2027,matched,clean,,0.99,0.00,"Payment, settlement and invoice agree within tolerance."
ORD-2028,matched,clean,,0.99,0.00,"Payment, settlement and invoice agree within tolerance."
ORD-2029,matched,clean,,0.99,0.00,"Payment, settlement and invoice agree within tolerance."
ORD-2030,matched,clean,,0.99,0.00,"Payment, settlement and invoice agree within tolerance."
ORD-2031,matched,clean,,0.99,0.00,"Payment, settlement and invoice agree within tolerance."
ORD-2032,matched,clean,,0.99,0.00,"Payment, settlement and invoice agree within tolerance."
ORD-2033,matched,clean,,0.99,-0.00,"Payment, settlement and invoice agree within tolerance."
ORD-2034,exception,delayed_settlement,resolved_automatically,0.75,6.00,Settlement landed 6 days after processing (expected 1) — bank-side delay.
ORD-2035,matched,clean,,0.99,0.00,"Payment, settlement and invoice agree within tolerance."
ORD-2036,matched,clean,,0.99,0.00,"Payment, settlement and invoice agree within tolerance."
ORD-2037,matched,clean,,0.99,-0.00,"Payment, settlement and invoice agree within tolerance."
ORD-2038,matched,clean,,0.99,0.00,"Payment, settlement and invoice agree within tolerance."
ORD-2039,matched,clean,,0.99,0.00,"Payment, settlement and invoice agree within tolerance."
ORD-2040,matched,clean,,0.99,0.00,"Payment, settlement and invoice agree within tolerance."
ORD-2041,matched,clean,,0.99,0.00,"Payment, settlement and invoice agree within tolerance."
ORD-2042,matched,clean,,0.99,-0.00,"Payment, settlement and invoice agree within tolerance."
ORD-2043,exception,amount_anomaly,needs_review,0.20,-1288.25,"Settlement credit (₹1,857.45) is far from the expected net (₹3,145.70) — too large to explain as a fee. Flagged for review."
ORD-2044,matched,clean,,0.99,0.00,"Payment, settlement and invoice agree within tolerance."
ORD-2045,matched,clean,,0.99,0.00,"Payment, settlement and invoice agree within tolerance."
ORD-2046,matched,clean,,0.99,0.00,"Payment, settlement and invoice agree within tolerance."
ORD-2047,exception,delayed_settlement,resolved_automatically,0.75,3.00,Settlement landed 3 days after processing (expected 1) — bank-side delay.
ORD-2048,exception,duplicate_settlement,needs_review,0.30,11503.69,"2 settlement rows for one payment (₹23,577.26 total credited) — looks like a duplicate payout."
ORD-2049,matched,clean,,0.99,-0.00,"Payment, settlement and invoice agree within tolerance."
ORD-2050,matched,clean,,0.99,0.00,"Payment, settlement and invoice agree within tolerance."
ORD-2051,matched,clean,,0.99,0.00,"Payment, settlement and invoice agree within tolerance."
ORD-2052,matched,clean,,0.99,0.00,"Payment, settlement and invoice agree within tolerance."
ORD-2053,matched,clean,,0.99,0.00,"Payment, settlement and invoice agree within tolerance."
ORD-2054,matched,clean,,0.99,-0.00,"Payment, settlement and invoice agree within tolerance."
ORD-2055,matched,clean,,0.99,0.00,"Payment, settlement and invoice agree within tolerance."
ORD-2056,matched,clean,,0.99,0.00,"Payment, settlement and invoice agree within tolerance."
ORD-2057,matched,clean,,0.99,0.00,"Payment, settlement and invoice agree within tolerance."
ORD-2058,matched,clean,,0.99,0.00,"Payment, settlement and invoice agree within tolerance."
ORD-2059,matched,clean,,0.99,0.00,"Payment, settlement and invoice agree within tolerance."
ORD-2060,matched,clean,,0.99,0.00,"Payment, settlement and invoice agree within tolerance."
ORD-2061,matched,clean,,0.99,0.00,"Payment, settlement and invoice agree within tolerance."
ORD-2062,matched,clean,,0.99,0.00,"Payment, settlement and invoice agree within tolerance."
ORD-2063,matched,clean,,0.99,0.00,"Payment, settlement and invoice agree within tolerance."
ORD-2064,matched,clean,,0.99,0.00,"Payment, settlement and invoice agree within tolerance."
ORD-2065,matched,clean,,0.99,0.00,"Payment, settlement and invoice agree within tolerance."
ORD-2066,matched,clean,,0.99,0.00,"Payment, settlement and invoice agree within tolerance."
ORD-2067,matched,clean,,0.99,0.00,"Payment, settlement and invoice agree within tolerance."
ORD-2068,matched,clean,,0.99,0.00,"Payment, settlement and invoice agree within tolerance."
ORD-2069,matched,clean,,0.99,0.00,"Payment, settlement and invoice agree within tolerance."
ORD-2070,matched,clean,,0.99,0.00,"Payment, settlement and invoice agree within tolerance."
ORD-2071,matched,clean,,0.99,0.00,"Payment, settlement and invoice agree within tolerance."
ORD-2072,matched,clean,,0.99,0.00,"Payment, settlement and invoice agree within tolerance."
ORD-2073,matched,clean,,0.99,0.00,"Payment, settlement and invoice agree within tolerance."
ORD-2074,matched,clean,,0.99,0.00,"Payment, settlement and invoice agree within tolerance."
ORD-2075,exception,delayed_settlement,resolved_automatically,0.75,6.00,Settlement landed 6 days after processing (expected 1) — bank-side delay.
ORD-2076,matched,clean,,0.99,0.00,"Payment, settlement and invoice agree within tolerance."
ORD-2077,matched,clean,,0.99,0.00,"Payment, settlement and invoice agree within tolerance."
ORD-2078,matched,clean,,0.99,0.00,"Payment, settlement and invoice agree within tolerance."
ORD-2079,matched,clean,,0.99,0.00,"Payment, settlement and invoice agree within tolerance."
ORD-2080,matched,clean,,0.99,0.00,"Payment, settlement and invoice agree within tolerance."
ORD-2081,matched,clean,,0.99,0.00,"Payment, settlement and invoice agree within tolerance."
ORD-2082,matched,clean,,0.99,0.00,"Payment, settlement and invoice agree within tolerance."
ORD-2083,matched,clean,,0.99,0.00,"Payment, settlement and invoice agree within tolerance."
ORD-2084,matched,clean,,0.99,0.00,"Payment, settlement and invoice agree within tolerance."
ORD-2085,matched,clean,,0.99,-0.00,"Payment, settlement and invoice agree within tolerance."
ORD-2086,matched,clean,,0.99,0.00,"Payment, settlement and invoice agree within tolerance."
ORD-2087,matched,clean,,0.99,0.00,"Payment, settlement and invoice agree within tolerance."
ORD-2088,matched,clean,,0.99,-0.00,"Payment, settlement and invoice agree within tolerance."
ORD-2089,matched,clean,,0.99,0.00,"Payment, settlement and invoice agree within tolerance."
ORD-2090,matched,clean,,0.99,0.00,"Payment, settlement and invoice agree within tolerance."
ORD-2091,matched,clean,,0.99,-0.00,"Payment, settlement and invoice agree within tolerance."
ORD-2092,matched,clean,,0.99,-0.00,"Payment, settlement and invoice agree within tolerance."
ORD-2093,matched,clean,,0.99,0.00,"Payment, settlement and invoice agree within tolerance."
ORD-2094,exception,missing_bank_record,insufficient_evidence,0.50,0.00,Payment and invoice exist but no bank settlement yet — likely in transit.
ORD-2095,matched,clean,,0.99,0.00,"Payment, settlement and invoice agree within tolerance."
ORD-2096,matched,clean,,0.99,0.00,"Payment, settlement and invoice agree within tolerance."
ORD-2097,matched,clean,,0.99,0.00,"Payment, settlement and invoice agree within tolerance."
ORD-2098,matched,clean,,0.99,0.00,"Payment, settlement and invoice agree within tolerance."
ORD-2099,matched,clean,,0.99,0.00,"Payment, settlement and invoice agree within tolerance."
ORD-2100,matched,clean,,0.99,-0.00,"Payment, settlement and invoice agree within tolerance."
ORD-2101,exception,delayed_settlement,resolved_automatically,0.75,4.00,Settlement landed 4 days after processing (expected 1) — bank-side delay.
ORD-2102,exception,missing_bank_record,insufficient_evidence,0.50,0.00,Payment and invoice exist but no bank settlement yet — likely in transit.
ORD-2103,matched,clean,,0.99,0.00,"Payment, settlement and invoice agree within tolerance."
ORD-2104,matched,clean,,0.99,0.00,"Payment, settlement and invoice agree within tolerance."
ORD-2105,matched,clean,,0.99,0.00,"Payment, settlement and invoice agree within tolerance."
ORD-2106,matched,clean,,0.99,0.00,"Payment, settlement and invoice agree within tolerance."
ORD-2107,matched,clean,,0.99,0.00,"Payment, settlement and invoice agree within tolerance."
ORD-2108,matched,clean,,0.99,0.00,"Payment, settlement and invoice agree within tolerance."
ORD-2109,matched,clean,,0.99,0.00,"Payment, settlement and invoice agree within tolerance."
ORD-2110,matched,clean,,0.99,0.00,"Payment, settlement and invoice agree within tolerance."
ORD-2111,matched,clean,,0.99,0.00,"Payment, settlement and invoice agree within tolerance."
ORD-2112,matched,clean,,0.99,0.00,"Payment, settlement and invoice agree within tolerance."
ORD-2113,matched,clean,,0.99,-0.00,"Payment, settlement and invoice agree within tolerance."
ORD-2114,matched,clean,,0.99,0.00,"Payment, settlement and invoice agree within tolerance."
ORD-2115,matched,clean,,0.99,0.00,"Payment, settlement and invoice agree within tolerance."
ORD-2116,matched,clean,,0.99,0.00,"Payment, settlement and invoice agree within tolerance."
ORD-2117,matched,clean,,0.99,0.00,"Payment, settlement and invoice agree within tolerance."
ORD-2118,matched,clean,,0.99,0.00,"Payment, settlement and invoice agree within tolerance."
ORD-2119,matched,clean,,0.99,0.00,"Payment, settlement and invoice agree within tolerance."
ORD-2120,matched,clean,,0.99,0.00,"Payment, settlement and invoice agree within tolerance."
ORD-2121,matched,clean,,0.99,0.00,"Payment, settlement and invoice agree within tolerance."
ORD-2122,matched,clean,,0.99,0.00,"Payment, settlement and invoice agree within tolerance."
ORD-2123,exception,settlement_fee_adjustment,resolved_automatically,0.90,-1056.40,"Settlement is ₹1,056.40 below the expected net — consistent with an additional deduction/GST rounding on the payout."
ORD-2124,matched,clean,,0.99,-0.02,"Payment, settlement and invoice agree within tolerance."
ORD-2125,matched,clean,,0.99,0.00,"Payment, settlement and invoice agree within tolerance."
ORD-2126,matched,clean,,0.99,-0.00,"Payment, settlement and invoice agree within tolerance."
ORD-2127,exception,amount_anomaly,needs_review,0.20,-981.02,"Settlement credit (₹2,550.78) is far from the expected net (₹3,531.80) — too large to explain as a fee. Flagged for review."
ORD-2128,matched,clean,,0.99,0.00,"Payment, settlement and invoice agree within tolerance."
ORD-2129,matched,clean,,0.99,0.00,"Payment, settlement and invoice agree within tolerance."
ORD-2130,matched,clean,,0.99,0.00,"Payment, settlement and invoice agree within tolerance."
ORD-2131,matched,clean,,0.99,0.00,"Payment, settlement and invoice agree within tolerance."
ORD-2132,matched,clean,,0.99,0.00,"Payment, settlement and invoice agree within tolerance."
ORD-2133,exception,delayed_settlement,resolved_automatically,0.75,6.00,Settlement landed 6 days after processing (expected 1) — bank-side delay.
ORD-2134,matched,clean,,0.99,0.00,"Payment, settlement and invoice agree within tolerance."
ORD-2135,matched,clean,,0.99,0.00,"Payment, settlement and invoice agree within tolerance."
ORD-2136,matched,clean,,0.99,0.00,"Payment, settlement and invoice agree within tolerance."
ORD-2137,matched,clean,,0.99,0.00,"Payment, settlement and invoice agree within tolerance."
ORD-2138,matched,clean,,0.99,0.00,"Payment, settlement and invoice agree within tolerance."
ORD-2139,matched,clean,,0.99,0.00,"Payment, settlement and invoice agree within tolerance."
ORD-2140,matched,clean,,0.99,0.00,"Payment, settlement and invoice agree within tolerance."
ORD-2141,matched,clean,,0.99,0.00,"Payment, settlement and invoice agree within tolerance."
ORD-2142,matched,clean,,0.99,0.00,"Payment, settlement and invoice agree within tolerance."
ORD-2143,exception,missing_invoice,needs_review,0.40,0.00,Payment settled but no invoice was raised for it.
ORD-2144,matched,clean,,0.99,0.00,"Payment, settlement and invoice agree within tolerance."
ORD-2145,matched,clean,,0.99,0.00,"Payment, settlement and invoice agree within tolerance."
ORD-2146,matched,clean,,0.99,0.00,"Payment, settlement and invoice agree within tolerance."
ORD-2147,exception,missing_bank_record,insufficient_evidence,0.50,0.00,Payment and invoice exist but no bank settlement yet — likely in transit.
ORD-2148,matched,clean,,0.99,-0.00,"Payment, settlement and invoice agree within tolerance."
ORD-2149,matched,clean,,0.99,-0.00,"Payment, settlement and invoice agree within tolerance."
ORD-2150,matched,clean,,0.99,0.00,"Payment, settlement and invoice agree within tolerance."
ORD-2151,matched,clean,,0.99,0.00,"Payment, settlement and invoice agree within tolerance."
ORD-2152,matched,clean,,0.99,0.00,"Payment, settlement and invoice agree within tolerance."
ORD-2153,matched,clean,,0.99,0.00,"Payment, settlement and invoice agree within tolerance."
ORD-2154,matched,clean,,0.99,0.00,"Payment, settlement and invoice agree within tolerance."
ORD-2155,matched,clean,,0.99,0.00,"Payment, settlement and invoice agree within tolerance."
ORD-2156,matched,clean,,0.99,0.00,"Payment, settlement and invoice agree within tolerance."
ORD-2157,matched,clean,,0.99,0.00,"Payment, settlement and invoice agree within tolerance."
ORD-2158,matched,clean,,0.99,0.00,"Payment, settlement and invoice agree within tolerance."
ORD-2159,matched,clean,,0.99,-0.00,"Payment, settlement and invoice agree within tolerance."
ORD-2160,matched,clean,,0.99,0.00,"Payment, settlement and invoice agree within tolerance."
ORD-2161,exception,amount_anomaly,needs_review,0.20,-3102.38,"Settlement credit (₹167.44) is far from the expected net (₹3,269.82) — too large to explain as a fee. Flagged for review."
ORD-2162,matched,clean,,0.99,-0.00,"Payment, settlement and invoice agree within tolerance."
ORD-2163,matched,clean,,0.99,-0.00,"Payment, settlement and invoice agree within tolerance."
ORD-2164,matched,clean,,0.99,0.00,"Payment, settlement and invoice agree within tolerance."
ORD-2165,matched,clean,,0.99,0.00,"Payment, settlement and invoice agree within tolerance."
ORD-2166,matched,clean,,0.99,0.00,"Payment, settlement and invoice agree within tolerance."
ORD-2167,matched,clean,,0.99,0.00,"Payment, settlement and invoice agree within tolerance."
ORD-2168,exception,amount_anomaly,needs_review,0.20,-907.78,"Settlement credit (₹1,809.89) is far from the expected net (₹2,717.67) — too large to explain as a fee. Flagged for review."
ORD-2169,exception,amount_anomaly,needs_review,0.20,-2437.64,"Settlement credit (₹17,336.52) is far from the expected net (₹19,774.16) — too large to explain as a fee. Flagged for review."
ORD-2170,matched,clean,,0.99,0.00,"Payment, settlement and invoice agree within tolerance."
ORD-2171,exception,settlement_fee_adjustment,resolved_automatically,0.90,-1437.49,"Settlement is ₹1,437.49 below the expected net — consistent with an additional deduction/GST rounding on the payout."
ORD-2172,matched,clean,,0.99,-0.00,"Payment, settlement and invoice agree within tolerance."
ORD-2173,matched,clean,,0.99,0.00,"Payment, settlement and invoice agree within tolerance."
ORD-2174,matched,clean,,0.99,0.00,"Payment, settlement and invoice agree within tolerance."
ORD-2175,matched,clean,,0.99,0.00,"Payment, settlement and invoice agree within tolerance."
ORD-2176,matched,clean,,0.99,0.00,"Payment, settlement and invoice agree within tolerance."
ORD-2177,matched,clean,,0.99,0.00,"Payment, settlement and invoice agree within tolerance."
ORD-2178,matched,clean,,0.99,-0.00,"Payment, settlement and invoice agree within tolerance."
ORD-2179,exception,settlement_fee_adjustment,resolved_automatically,0.90,-153.64,Settlement is ₹153.64 below the expected net — consistent with an additional deduction/GST rounding on the payout.
ORD-2180,matched,clean,,0.99,0.00,"Payment, settlement and invoice agree within tolerance."
ORD-2181,matched,clean,,0.99,0.00,"Payment, settlement and invoice agree within tolerance."
ORD-2182,matched,clean,,0.99,-0.00,"Payment, settlement and invoice agree within tolerance."
ORD-2183,matched,clean,,0.99,0.00,"Payment, settlement and invoice agree within tolerance."
ORD-2184,matched,clean,,0.99,0.00,"Payment, settlement and invoice agree within tolerance."
ORD-2185,matched,clean,,0.99,0.00,"Payment, settlement and invoice agree within tolerance."
ORD-2186,matched,clean,,0.99,0.00,"Payment, settlement and invoice agree within tolerance."
ORD-2187,matched,clean,,0.99,0.00,"Payment, settlement and invoice agree within tolerance."
ORD-2188,matched,clean,,0.99,0.00,"Payment, settlement and invoice agree within tolerance."
ORD-2189,matched,clean,,0.99,0.00,"Payment, settlement and invoice agree within tolerance."
ORD-2190,matched,clean,,0.99,0.00,"Payment, settlement and invoice agree within tolerance."
ORD-2191,matched,clean,,0.99,-1.65,"Payment, settlement and invoice agree within tolerance."
ORD-2192,matched,clean,,0.99,-0.00,"Payment, settlement and invoice agree within tolerance."
ORD-2193,matched,clean,,0.99,0.00,"Payment, settlement and invoice agree within tolerance."
ORD-2194,matched,clean,,0.99,0.00,"Payment, settlement and invoice agree within tolerance."
ORD-2195,matched,clean,,0.99,0.00,"Payment, settlement and invoice agree within tolerance."
ORD-2196,matched,clean,,0.99,0.00,"Payment, settlement and invoice agree within tolerance."
ORD-2197,matched,clean,,0.99,0.00,"Payment, settlement and invoice agree within tolerance."
ORD-2198,matched,clean,,0.99,-0.00,"Payment, settlement and invoice agree within tolerance."
ORD-2199,matched,clean,,0.99,0.00,"Payment, settlement and invoice agree within tolerance."
ORD-2200,matched,clean,,0.99,0.00,"Payment, settlement and invoice agree within tolerance."
ORD-2201,matched,clean,,0.99,0.00,"Payment, settlement and invoice agree within tolerance."
ORD-2202,matched,clean,,0.99,0.00,"Payment, settlement and invoice agree within tolerance."
ORD-2203,matched,clean,,0.99,0.00,"Payment, settlement and invoice agree within tolerance."
ORD-2204,matched,clean,,0.99,0.00,"Payment, settlement and invoice agree within tolerance."
ORD-2205,exception,amount_anomaly,needs_review,0.20,-748.40,"Settlement credit (₹1,851.42) is far from the expected net (₹2,599.82) — too large to explain as a fee. Flagged for review."
ORD-2206,matched,clean,,0.99,-0.00,"Payment, settlement and invoice agree within tolerance."
ORD-2207,matched,clean,,0.99,0.00,"Payment, settlement and invoice agree within tolerance."
ORD-2208,matched,clean,,0.99,0.00,"Payment, settlement and invoice agree within tolerance."
ORD-2209,matched,clean,,0.99,0.00,"Payment, settlement and invoice agree within tolerance."
ORD-2210,matched,clean,,0.99,-0.00,"Payment, settlement and invoice agree within tolerance."
ORD-2211,matched,clean,,0.99,0.00,"Payment, settlement and invoice agree within tolerance."
ORD-2212,matched,clean,,0.99,0.00,"Payment, settlement and invoice agree within tolerance."
ORD-2213,matched,clean,,0.99,0.00,"Payment, settlement and invoice agree within tolerance."
ORD-2214,matched,clean,,0.99,-0.00,"Payment, settlement and invoice agree within tolerance."
ORD-2215,matched,clean,,0.99,0.00,"Payment, settlement and invoice agree within tolerance."
ORD-2216,matched,clean,,0.99,0.00,"Payment, settlement and invoice agree within tolerance."
ORD-2217,matched,clean,,0.99,0.00,"Payment, settlement and invoice agree within tolerance."
ORD-2218,matched,clean,,0.99,0.00,"Payment, settlement and invoice agree within tolerance."
ORD-2219,matched,clean,,0.99,-0.00,"Payment, settlement and invoice agree within tolerance."
ORD-2220,matched,clean,,0.99,0.00,"Payment, settlement and invoice agree within tolerance."
ORD-2221,exception,settlement_fee_adjustment,resolved_automatically,0.90,-167.12,Settlement is ₹167.12 below the expected net — consistent with an additional deduction/GST rounding on the payout.
ORD-2222,exception,delayed_settlement,resolved_automatically,0.75,5.00,Settlement landed 5 days after processing (expected 1) — bank-side delay.
ORD-2223,matched,clean,,0.99,0.00,"Payment, settlement and invoice agree within tolerance."
ORD-2224,matched,clean,,0.99,0.00,"Payment, settlement and invoice agree within tolerance."
ORD-2225,matched,clean,,0.99,0.00,"Payment, settlement and invoice agree within tolerance."
ORD-2226,matched,clean,,0.99,-0.00,"Payment, settlement and invoice agree within tolerance."
ORD-2227,matched,clean,,0.99,0.00,"Payment, settlement and invoice agree within tolerance."
ORD-2228,matched,clean,,0.99,0.00,"Payment, settlement and invoice agree within tolerance."
ORD-2229,matched,clean,,0.99,0.00,"Payment, settlement and invoice agree within tolerance."
ORD-2230,matched,clean,,0.99,0.00,"Payment, settlement and invoice agree within tolerance."
ORD-2231,exception,delayed_settlement,resolved_automatically,0.75,2.00,Settlement landed 2 days after processing (expected 1) — bank-side delay.
ORD-2232,matched,clean,,0.99,0.00,"Payment, settlement and invoice agree within tolerance."
ORD-2233,exception,missing_invoice,needs_review,0.40,0.00,Payment settled but no invoice was raised for it.
ORD-2234,exception,amount_anomaly,needs_review,0.20,-1793.93,"Settlement credit (₹16,943.98) is far from the expected net (₹18,737.91) — too large to explain as a fee. Flagged for review."
ORD-2235,matched,clean,,0.99,0.00,"Payment, settlement and invoice agree within tolerance."
ORD-2236,matched,clean,,0.99,0.00,"Payment, settlement and invoice agree within tolerance."
ORD-2237,matched,clean,,0.99,0.00,"Payment, settlement and invoice agree within tolerance."
ORD-2238,matched,clean,,0.99,0.00,"Payment, settlement and invoice agree within tolerance."
ORD-2239,matched,clean,,0.99,0.00,"Payment, settlement and invoice agree within tolerance."
ORD-2240,exception,duplicate_settlement,needs_review,0.30,60843.58,"2 settlement rows for one payment (₹124,701.24 total credited) — looks like a duplicate payout."
ORD-2241,matched,clean,,0.99,0.00,"Payment, settlement and invoice agree within tolerance."
ORD-2242,matched,clean,,0.99,0.00,"Payment, settlement and invoice agree within tolerance."
ORD-2243,matched,clean,,0.99,0.00,"Payment, settlement and invoice agree within tolerance."
ORD-2244,matched,clean,,0.99,-0.00,"Payment, settlement and invoice agree within tolerance."
ORD-2245,matched,clean,,0.99,0.00,"Payment, settlement and invoice agree within tolerance."
ORD-2246,matched,clean,,0.99,0.00,"Payment, settlement and invoice agree within tolerance."
ORD-2247,matched,clean,,0.99,0.00,"Payment, settlement and invoice agree within tolerance."
ORD-2248,matched,clean,,0.99,0.00,"Payment, settlement and invoice agree within tolerance."
ORD-2249,matched,clean,,0.99,0.00,"Payment, settlement and invoice agree within tolerance."
ORD-2250,exception,duplicate_settlement,needs_review,0.30,259955.07,"2 settlement rows for one payment (₹532,787.84 total credited) — looks like a duplicate payout."
ORD-2251,matched,clean,,0.99,0.00,"Payment, settlement and invoice agree within tolerance."
ORD-2252,matched,clean,,0.99,0.00,"Payment, settlement and invoice agree within tolerance."
ORD-2253,matched,clean,,0.99,0.00,"Payment, settlement and invoice agree within tolerance."
ORD-2254,matched,clean,,0.99,0.00,"Payment, settlement and invoice agree within tolerance."
ORD-2255,matched,clean,,0.99,0.00,"Payment, settlement and invoice agree within tolerance."
ORD-2256,exception,missing_invoice,needs_review,0.40,0.00,Payment settled but no invoice was raised for it.
ORD-2257,matched,clean,,0.99,0.00,"Payment, settlement and invoice agree within tolerance."
ORD-2258,matched,clean,,0.99,0.00,"Payment, settlement and invoice agree within tolerance."
ORD-2259,matched,clean,,0.99,0.00,"Payment, settlement and invoice agree within tolerance."
ORD-2260,matched,clean,,0.99,0.00,"Payment, settlement and invoice agree within tolerance."
ORD-2261,matched,clean,,0.99,0.00,"Payment, settlement and invoice agree within tolerance."
ORD-2262,matched,clean,,0.99,0.00,"Payment, settlement and invoice agree within tolerance."
ORD-2263,matched,clean,,0.99,0.00,"Payment, settlement and invoice agree within tolerance."
ORD-2264,exception,missing_bank_record,insufficient_evidence,0.50,0.00,Payment and invoice exist but no bank settlement yet — likely in transit.
ORD-2265,matched,clean,,0.99,0.00,"Payment, settlement and invoice agree within tolerance."
ORD-2266,matched,clean,,0.99,0.00,"Payment, settlement and invoice agree within tolerance."
ORD-2267,exception,delayed_settlement,resolved_automatically,0.75,4.00,Settlement landed 4 days after processing (expected 1) — bank-side delay.
ORD-2268,matched,clean,,0.99,0.00,"Payment, settlement and invoice agree within tolerance."
ORD-2269,matched,clean,,0.99,0.00,"Payment, settlement and invoice agree within tolerance."
ORD-2270,matched,clean,,0.99,-0.00,"Payment, settlement and invoice agree within tolerance."
ORD-2271,matched,clean,,0.99,0.00,"Payment, settlement and invoice agree within tolerance."
ORD-2272,matched,clean,,0.99,0.00,"Payment, settlement and invoice agree within tolerance."
ORD-2273,matched,clean,,0.99,0.00,"Payment, settlement and invoice agree within tolerance."
ORD-2274,matched,clean,,0.99,0.00,"Payment, settlement and invoice agree within tolerance."
ORD-2275,exception,missing_invoice,needs_review,0.40,0.00,Payment settled but no invoice was raised for it.
ORD-2276,matched,clean,,0.99,0.00,"Payment, settlement and invoice agree within tolerance."
ORD-2277,matched,clean,,0.99,0.00,"Payment, settlement and invoice agree within tolerance."
ORD-2278,matched,clean,,0.99,0.00,"Payment, settlement and invoice agree within tolerance."
ORD-2279,matched,clean,,0.99,0.00,"Payment, settlement and invoice agree within tolerance."
ORD-2280,matched,clean,,0.99,-0.00,"Payment, settlement and invoice agree within tolerance."
ORD-2281,matched,clean,,0.99,0.00,"Payment, settlement and invoice agree within tolerance."
ORD-2282,matched,clean,,0.99,0.00,"Payment, settlement and invoice agree within tolerance."
ORD-2283,matched,clean,,0.99,0.00,"Payment, settlement and invoice agree within tolerance."
ORD-2284,matched,clean,,0.99,0.00,"Payment, settlement and invoice agree within tolerance."
ORD-2285,matched,clean,,0.99,0.00,"Payment, settlement and invoice agree within tolerance."
ORD-2286,matched,clean,,0.99,0.00,"Payment, settlement and invoice agree within tolerance."
ORD-2287,exception,delayed_settlement,resolved_automatically,0.75,4.00,Settlement landed 4 days after processing (expected 1) — bank-side delay.
ORD-2288,matched,clean,,0.99,0.00,"Payment, settlement and invoice agree within tolerance."
ORD-2289,matched,clean,,0.99,0.00,"Payment, settlement and invoice agree within tolerance."
ORD-2290,matched,clean,,0.99,0.00,"Payment, settlement and invoice agree within tolerance."
ORD-2291,matched,clean,,0.99,-0.00,"Payment, settlement and invoice agree within tolerance."
ORD-2292,matched,clean,,0.99,0.00,"Payment, settlement and invoice agree within tolerance."
ORD-2293,matched,clean,,0.99,0.00,"Payment, settlement and invoice agree within tolerance."
ORD-2294,matched,clean,,0.99,0.00,"Payment, settlement and invoice agree within tolerance."
ORD-2295,exception,duplicate_settlement,needs_review,0.30,2293.04,"2 settlement rows for one payment (₹4,699.68 total credited) — looks like a duplicate payout."
ORD-2296,exception,missing_invoice,needs_review,0.40,0.00,Payment settled but no invoice was raised for it.
ORD-2297,exception,missing_invoice,needs_review,0.40,0.00,Payment settled but no invoice was raised for it.
ORD-2298,matched,clean,,0.99,0.00,"Payment, settlement and invoice agree within tolerance."
ORD-2299,matched,clean,,0.99,0.00,"Payment, settlement and invoice agree within tolerance."
ORD-2300,exception,duplicate_settlement,needs_review,0.30,41507.20,"2 settlement rows for one payment (₹85,070.60 total credited) — looks like a duplicate payout."
ORD-2301,matched,clean,,0.99,0.00,"Payment, settlement and invoice agree within tolerance."
ORD-2302,matched,clean,,0.99,0.00,"Payment, settlement and invoice agree within tolerance."
ORD-2303,matched,clean,,0.99,0.00,"Payment, settlement and invoice agree within tolerance."
ORD-2304,exception,amount_anomaly,needs_review,0.20,-2464.95,"Settlement credit (₹650.38) is far from the expected net (₹3,115.33) — too large to explain as a fee. Flagged for review."
ORD-2305,matched,clean,,0.99,0.00,"Payment, settlement and invoice agree within tolerance."
ORD-2306,matched,clean,,0.99,0.00,"Payment, settlement and invoice agree within tolerance."
ORD-2307,matched,clean,,0.99,0.00,"Payment, settlement and invoice agree within tolerance."
ORD-2308,exception,missing_invoice,needs_review,0.40,0.00,Payment settled but no invoice was raised for it.
ORD-2309,matched,clean,,0.99,0.00,"Payment, settlement and invoice agree within tolerance."
ORD-2310,matched,clean,,0.99,0.00,"Payment, settlement and invoice agree within tolerance."
ORD-2311,matched,clean,,0.99,0.00,"Payment, settlement and invoice agree within tolerance."
ORD-2312,matched,clean,,0.99,0.00,"Payment, settlement and invoice agree within tolerance."
ORD-2313,matched,clean,,0.99,0.00,"Payment, settlement and invoice agree within tolerance."
ORD-2314,matched,clean,,0.99,0.00,"Payment, settlement and invoice agree within tolerance."
ORD-2315,matched,clean,,0.99,0.00,"Payment, settlement and invoice agree within tolerance."
ORD-2316,exception,duplicate_settlement,needs_review,0.30,8980.60,"2 settlement rows for one payment (₹18,406.08 total credited) — looks like a duplicate payout."
ORD-2317,matched,clean,,0.99,0.00,"Payment, settlement and invoice agree within tolerance."
ORD-2318,matched,clean,,0.99,0.00,"Payment, settlement and invoice agree within tolerance."
ORD-2319,exception,missing_bank_record,insufficient_evidence,0.50,0.00,Payment and invoice exist but no bank settlement yet — likely in transit.
ORD-2320,matched,clean,,0.99,0.00,"Payment, settlement and invoice agree within tolerance."
ORD-2321,matched,clean,,0.99,-0.00,"Payment, settlement and invoice agree within tolerance."
ORD-2322,matched,clean,,0.99,-0.00,"Payment, settlement and invoice agree within tolerance."
ORD-2323,matched,clean,,0.99,0.00,"Payment, settlement and invoice agree within tolerance."
ORD-2324,matched,clean,,0.99,0.00,"Payment, settlement and invoice agree within tolerance."
ORD-2325,matched,clean,,0.99,-0.00,"Payment, settlement and invoice agree within tolerance."
ORD-2326,matched,clean,,0.99,0.00,"Payment, settlement and invoice agree within tolerance."
ORD-2327,matched,clean,,0.99,0.00,"Payment, settlement and invoice agree within tolerance."
ORD-2328,matched,clean,,0.99,0.00,"Payment, settlement and invoice agree within tolerance."
ORD-2329,matched,clean,,0.99,0.00,"Payment, settlement and invoice agree within tolerance."
ORD-2330,matched,clean,,0.99,0.00,"Payment, settlement and invoice agree within tolerance."
ORD-2331,matched,clean,,0.99,0.00,"Payment, settlement and invoice agree within tolerance."
ORD-2332,matched,clean,,0.99,0.00,"Payment, settlement and invoice agree within tolerance."
ORD-2333,exception,missing_bank_record,insufficient_evidence,0.50,0.00,Payment and invoice exist but no bank settlement yet — likely in transit.
ORD-2334,matched,clean,,0.99,0.00,"Payment, settlement and invoice agree within tolerance."
ORD-2335,matched,clean,,0.99,0.00,"Payment, settlement and invoice agree within tolerance."
ORD-2336,matched,clean,,0.99,0.00,"Payment, settlement and invoice agree within tolerance."
ORD-2337,matched,clean,,0.99,-0.00,"Payment, settlement and invoice agree within tolerance."
ORD-2338,matched,clean,,0.99,0.00,"Payment, settlement and invoice agree within tolerance."
ORD-2339,exception,settlement_fee_adjustment,resolved_automatically,0.90,-80.23,Settlement is ₹80.23 below the expected net — consistent with an additional deduction/GST rounding on the payout.
ORD-2340,matched,clean,,0.99,0.00,"Payment, settlement and invoice agree within tolerance."
ORD-2341,matched,clean,,0.99,-0.00,"Payment, settlement and invoice agree within tolerance."
ORD-2342,matched,clean,,0.99,0.00,"Payment, settlement and invoice agree within tolerance."
ORD-2343,exception,missing_bank_record,insufficient_evidence,0.50,0.00,Payment and invoice exist but no bank settlement yet — likely in transit.
ORD-2344,matched,clean,,0.99,0.00,"Payment, settlement and invoice agree within tolerance."
ORD-2345,matched,clean,,0.99,0.00,"Payment, settlement and invoice agree within tolerance."
ORD-2346,matched,clean,,0.99,0.00,"Payment, settlement and invoice agree within tolerance."
ORD-2347,matched,clean,,0.99,0.00,"Payment, settlement and invoice agree within tolerance."
ORD-2348,matched,clean,,0.99,0.00,"Payment, settlement and invoice agree within tolerance."
ORD-2349,matched,clean,,0.99,0.00,"Payment, settlement and invoice agree within tolerance."
ORD-2350,exception,amount_anomaly,needs_review,0.20,1699.27,"Settlement credit (₹2,864.74) is far from the expected net (₹1,165.47) — too large to explain as a fee. Flagged for review."
ORD-2351,matched,clean,,0.99,0.00,"Payment, settlement and invoice agree within tolerance."
ORD-2352,matched,clean,,0.99,0.00,"Payment, settlement and invoice agree within tolerance."
ORD-2353,matched,clean,,0.99,-0.00,"Payment, settlement and invoice agree within tolerance."
ORD-2354,matched,clean,,0.99,0.00,"Payment, settlement and invoice agree within tolerance."
ORD-2355,matched,clean,,0.99,0.00,"Payment, settlement and invoice agree within tolerance."
ORD-2356,matched,clean,,0.99,0.00,"Payment, settlement and invoice agree within tolerance."
ORD-2357,matched,clean,,0.99,0.00,"Payment, settlement and invoice agree within tolerance."
ORD-2358,matched,clean,,0.99,0.00,"Payment, settlement and invoice agree within tolerance."
ORD-2359,matched,clean,,0.99,0.00,"Payment, settlement and invoice agree within tolerance."
ORD-2360,matched,clean,,0.99,0.00,"Payment, settlement and invoice agree within tolerance."
ORD-2361,matched,clean,,0.99,0.00,"Payment, settlement and invoice agree within tolerance."
ORD-2362,matched,clean,,0.99,0.00,"Payment, settlement and invoice agree within tolerance."
ORD-2363,matched,clean,,0.99,0.00,"Payment, settlement and invoice agree within tolerance."
ORD-2364,matched,clean,,0.99,0.00,"Payment, settlement and invoice agree within tolerance."
ORD-2365,matched,clean,,0.99,0.00,"Payment, settlement and invoice agree within tolerance."
ORD-2366,matched,clean,,0.99,0.00,"Payment, settlement and invoice agree within tolerance."
ORD-2367,matched,clean,,0.99,0.00,"Payment, settlement and invoice agree within tolerance."
ORD-2368,matched,clean,,0.99,0.00,"Payment, settlement and invoice agree within tolerance."
ORD-2369,exception,missing_bank_record,insufficient_evidence,0.50,0.00,Payment and invoice exist but no bank settlement yet — likely in transit.
ORD-2370,matched,clean,,0.99,0.00,"Payment, settlement and invoice agree within tolerance."
ORD-2371,matched,clean,,0.99,0.00,"Payment, settlement and invoice agree within tolerance."
ORD-2372,matched,clean,,0.99,0.00,"Payment, settlement and invoice agree within tolerance."
ORD-2373,matched,clean,,0.99,-0.00,"Payment, settlement and invoice agree within tolerance."
ORD-2374,matched,clean,,0.99,0.00,"Payment, settlement and invoice agree within tolerance."
ORD-2375,matched,clean,,0.99,0.00,"Payment, settlement and invoice agree within tolerance."
ORD-2376,matched,clean,,0.99,0.00,"Payment, settlement and invoice agree within tolerance."
ORD-2377,matched,clean,,0.99,0.00,"Payment, settlement and invoice agree within tolerance."
ORD-2378,exception,missing_bank_record,insufficient_evidence,0.50,0.00,Payment and invoice exist but no bank settlement yet — likely in transit.
ORD-2379,exception,delayed_settlement,resolved_automatically,0.75,4.00,Settlement landed 4 days after processing (expected 1) — bank-side delay.
ORD-2380,matched,clean,,0.99,0.00,"Payment, settlement and invoice agree within tolerance."
ORD-2381,matched,clean,,0.99,0.00,"Payment, settlement and invoice agree within tolerance."
ORD-2382,matched,clean,,0.99,0.00,"Payment, settlement and invoice agree within tolerance."
ORD-2383,matched,clean,,0.99,0.00,"Payment, settlement and invoice agree within tolerance."
ORD-2384,matched,clean,,0.99,0.00,"Payment, settlement and invoice agree within tolerance."
ORD-2385,matched,clean,,0.99,0.00,"Payment, settlement and invoice agree within tolerance."
ORD-2386,matched,clean,,0.99,0.00,"Payment, settlement and invoice agree within tolerance."
ORD-2387,matched,clean,,0.99,0.00,"Payment, settlement and invoice agree within tolerance."
ORD-2388,matched,clean,,0.99,0.00,"Payment, settlement and invoice agree within tolerance."
ORD-2389,matched,clean,,0.99,-0.00,"Payment, settlement and invoice agree within tolerance."
ORD-2390,matched,clean,,0.99,0.00,"Payment, settlement and invoice agree within tolerance."
ORD-2391,matched,clean,,0.99,0.00,"Payment, settlement and invoice agree within tolerance."
ORD-2392,matched,clean,,0.99,-0.00,"Payment, settlement and invoice agree within tolerance."
ORD-2393,matched,clean,,0.99,0.00,"Payment, settlement and invoice agree within tolerance."
ORD-2394,matched,clean,,0.99,0.00,"Payment, settlement and invoice agree within tolerance."
ORD-2395,matched,clean,,0.99,0.00,"Payment, settlement and invoice agree within tolerance."
ORD-2396,matched,clean,,0.99,0.00,"Payment, settlement and invoice agree within tolerance."
ORD-2397,exception,settlement_fee_adjustment,resolved_automatically,0.90,-553.34,Settlement is ₹553.34 below the expected net — consistent with an additional deduction/GST rounding on the payout.
ORD-2398,matched,clean,,0.99,0.00,"Payment, settlement and invoice agree within tolerance."
ORD-2399,exception,duplicate_settlement,needs_review,0.30,3212.25,"2 settlement rows for one payment (₹6,583.62 total credited) — looks like a duplicate payout."
ORD-2400,matched,clean,,0.99,0.00,"Payment, settlement and invoice agree within tolerance."
ORD-2401,exception,missing_bank_record,insufficient_evidence,0.50,0.00,Payment and invoice exist but no bank settlement yet — likely in transit.
ORD-2402,matched,clean,,0.99,0.00,"Payment, settlement and invoice agree within tolerance."
ORD-2403,exception,duplicate_settlement,needs_review,0.30,7673.47,"2 settlement rows for one payment (₹15,727.08 total credited) — looks like a duplicate payout."
ORD-2404,matched,clean,,0.99,0.00,"Payment, settlement and invoice agree within tolerance."
ORD-2405,matched,clean,,0.99,0.00,"Payment, settlement and invoice agree within tolerance."
ORD-2406,matched,clean,,0.99,0.00,"Payment, settlement and invoice agree within tolerance."
ORD-2407,matched,clean,,0.99,0.00,"Payment, settlement and invoice agree within tolerance."
ORD-2408,matched,clean,,0.99,0.00,"Payment, settlement and invoice agree within tolerance."
ORD-2409,matched,clean,,0.99,0.00,"Payment, settlement and invoice agree within tolerance."
ORD-2410,exception,delayed_settlement,resolved_automatically,0.75,2.00,Settlement landed 2 days after processing (expected 1) — bank-side delay.
ORD-2411,matched,clean,,0.99,0.00,"Payment, settlement and invoice agree within tolerance."
ORD-2412,matched,clean,,0.99,0.00,"Payment, settlement and invoice agree within tolerance."
ORD-2413,matched,clean,,0.99,0.00,"Payment, settlement and invoice agree within tolerance."
ORD-2414,matched,clean,,0.99,1.81,"Payment, settlement and invoice agree within tolerance."
ORD-2415,matched,clean,,0.99,0.00,"Payment, settlement and invoice agree within tolerance."
ORD-2416,matched,clean,,0.99,-0.00,"Payment, settlement and invoice agree within tolerance."
ORD-2417,matched,clean,,0.99,0.00,"Payment, settlement and invoice agree within tolerance."
ORD-2418,matched,clean,,0.99,0.00,"Payment, settlement and invoice agree within tolerance."
ORD-2419,matched,clean,,0.99,0.00,"Payment, settlement and invoice agree within tolerance."
ORD-2420,exception,delayed_settlement,resolved_automatically,0.75,6.00,Settlement landed 6 days after processing (expected 1) — bank-side delay.
ORD-2421,matched,clean,,0.99,-0.00,"Payment, settlement and invoice agree within tolerance."
ORD-2422,matched,clean,,0.99,0.00,"Payment, settlement and invoice agree within tolerance."
ORD-2423,matched,clean,,0.99,0.00,"Payment, settlement and invoice agree within tolerance."
ORD-2424,matched,clean,,0.99,0.00,"Payment, settlement and invoice agree within tolerance."
ORD-2425,matched,clean,,0.99,0.00,"Payment, settlement and invoice agree within tolerance."
ORD-2426,matched,clean,,0.99,0.00,"Payment, settlement and invoice agree within tolerance."
ORD-2427,matched,clean,,0.99,0.00,"Payment, settlement and invoice agree within tolerance."
ORD-2428,matched,clean,,0.99,0.00,"Payment, settlement and invoice agree within tolerance."
ORD-2429,matched,clean,,0.99,0.00,"Payment, settlement and invoice agree within tolerance."
ORD-2430,matched,clean,,0.99,0.00,"Payment, settlement and invoice agree within tolerance."
ORD-2431,matched,clean,,0.99,0.00,"Payment, settlement and invoice agree within tolerance."
ORD-2432,matched,clean,,0.99,0.00,"Payment, settlement and invoice agree within tolerance."
ORD-2433,exception,delayed_settlement,resolved_automatically,0.75,4.00,Settlement landed 4 days after processing (expected 1) — bank-side delay.
ORD-2434,matched,clean,,0.99,-0.00,"Payment, settlement and invoice agree within tolerance."
ORD-2435,matched,clean,,0.99,0.00,"Payment, settlement and invoice agree within tolerance."
ORD-2436,matched,clean,,0.99,0.00,"Payment, settlement and invoice agree within tolerance."
ORD-2437,matched,clean,,0.99,-0.00,"Payment, settlement and invoice agree within tolerance."
ORD-2438,matched,clean,,0.99,0.00,"Payment, settlement and invoice agree within tolerance."
ORD-2439,matched,clean,,0.99,0.00,"Payment, settlement and invoice agree within tolerance."
ORD-2440,matched,clean,,0.99,-0.00,"Payment, settlement and invoice agree within tolerance."
ORD-2441,matched,clean,,0.99,0.00,"Payment, settlement and invoice agree within tolerance."
ORD-2442,matched,clean,,0.99,0.00,"Payment, settlement and invoice agree within tolerance."
ORD-2443,matched,clean,,0.99,0.00,"Payment, settlement and invoice agree within tolerance."
ORD-2444,exception,delayed_settlement,resolved_automatically,0.75,4.00,Settlement landed 4 days after processing (expected 1) — bank-side delay.
ORD-2445,exception,missing_invoice,needs_review,0.40,0.00,Payment settled but no invoice was raised for it.
ORD-2446,matched,clean,,0.99,0.00,"Payment, settlement and invoice agree within tolerance."
ORD-2447,matched,clean,,0.99,0.00,"Payment, settlement and invoice agree within tolerance."
ORD-2448,matched,clean,,0.99,0.00,"Payment, settlement and invoice agree within tolerance."
ORD-2449,exception,missing_bank_record,insufficient_evidence,0.50,0.00,Payment and invoice exist but no bank settlement yet — likely in transit.
ORD-2450,matched,clean,,0.99,0.00,"Payment, settlement and invoice agree within tolerance."
ORD-2451,matched,clean,,0.99,0.00,"Payment, settlement and invoice agree within tolerance."
ORD-2452,matched,clean,,0.99,0.00,"Payment, settlement and invoice agree within tolerance."
ORD-2453,matched,clean,,0.99,0.00,"Payment, settlement and invoice agree within tolerance."
ORD-2454,exception,settlement_fee_adjustment,resolved_automatically,0.90,-1258.05,"Settlement is ₹1,258.05 below the expected net — consistent with an additional deduction/GST rounding on the payout."
ORD-2455,matched,clean,,0.99,0.00,"Payment, settlement and invoice agree within tolerance."
ORD-2456,matched,clean,,0.99,0.00,"Payment, settlement and invoice agree within tolerance."
ORD-2457,matched,clean,,0.99,0.00,"Payment, settlement and invoice agree within tolerance."
ORD-2458,exception,settlement_fee_adjustment,resolved_automatically,0.90,-434.90,Settlement is ₹434.90 below the expected net — consistent with an additional deduction/GST rounding on the payout.
ORD-2459,matched,clean,,0.99,0.00,"Payment, settlement and invoice agree within tolerance."
ORD-2460,matched,clean,,0.99,0.00,"Payment, settlement and invoice agree within tolerance."
ORD-2461,matched,clean,,0.99,0.00,"Payment, settlement and invoice agree within tolerance."
ORD-2462,matched,clean,,0.99,0.00,"Payment, settlement and invoice agree within tolerance."
ORD-2463,matched,clean,,0.99,0.00,"Payment, settlement and invoice agree within tolerance."
ORD-2464,matched,clean,,0.99,0.00,"Payment, settlement and invoice agree within tolerance."
ORD-2465,matched,clean,,0.99,0.00,"Payment, settlement and invoice agree within tolerance."
ORD-2466,matched,clean,,0.99,0.00,"Payment, settlement and invoice agree within tolerance."
ORD-2467,matched,clean,,0.99,0.00,"Payment, settlement and invoice agree within tolerance."
ORD-2468,matched,clean,,0.99,0.00,"Payment, settlement and invoice agree within tolerance."
ORD-2469,matched,clean,,0.99,0.00,"Payment, settlement and invoice agree within tolerance."
ORD-2470,matched,clean,,0.99,0.00,"Payment, settlement and invoice agree within tolerance."
ORD-2471,matched,clean,,0.99,0.00,"Payment, settlement and invoice agree within tolerance."
ORD-2472,matched,clean,,0.99,0.00,"Payment, settlement and invoice agree within tolerance."
ORD-2473,exception,duplicate_settlement,needs_review,0.30,1118.01,"2 settlement rows for one payment (₹2,291.40 total credited) — looks like a duplicate payout."
ORD-2474,matched,clean,,0.99,0.00,"Payment, settlement and invoice agree within tolerance."
ORD-2475,matched,clean,,0.99,0.00,"Payment, settlement and invoice agree within tolerance."
ORD-2476,matched,clean,,0.99,0.00,"Payment, settlement and invoice agree within tolerance."
ORD-2477,exception,amount_anomaly,needs_review,0.20,-1727.89,"Settlement credit (₹24,163.77) is far from the expected net (₹25,891.66) — too large to explain as a fee. Flagged for review."
ORD-2478,matched,clean,,0.99,0.00,"Payment, settlement and invoice agree within tolerance."
ORD-2479,exception,amount_anomaly,needs_review,0.20,-2061.49,"Settlement credit (₹-644.48) is far from the expected net (₹1,417.01) — too large to explain as a fee. Flagged for review."
ORD-2480,exception,settlement_fee_adjustment,resolved_automatically,0.90,-120.92,Settlement is ₹120.92 below the expected net — consistent with an additional deduction/GST rounding on the payout.
ORD-2481,matched,clean,,0.99,0.00,"Payment, settlement and invoice agree within tolerance."
ORD-2482,exception,duplicate_settlement,needs_review,0.30,43398.43,"2 settlement rows for one payment (₹88,946.74 total credited) — looks like a duplicate payout."
ORD-2483,matched,clean,,0.99,0.00,"Payment, settlement and invoice agree within tolerance."
ORD-2484,matched,clean,,0.99,0.00,"Payment, settlement and invoice agree within tolerance."
ORD-2485,matched,clean,,0.99,0.00,"Payment, settlement and invoice agree within tolerance."
ORD-2486,matched,clean,,0.99,0.00,"Payment, settlement and invoice agree within tolerance."
ORD-2487,matched,clean,,0.99,0.00,"Payment, settlement and invoice agree within tolerance."
ORD-2488,matched,clean,,0.99,0.00,"Payment, settlement and invoice agree within tolerance."
ORD-2489,matched,clean,,0.99,0.00,"Payment, settlement and invoice agree within tolerance."
ORD-2490,matched,clean,,0.99,0.00,"Payment, settlement and invoice agree within tolerance."
ORD-2491,matched,clean,,0.99,0.00,"Payment, settlement and invoice agree within tolerance."
ORD-2492,matched,clean,,0.99,0.00,"Payment, settlement and invoice agree within tolerance."
ORD-2493,matched,clean,,0.99,0.00,"Payment, settlement and invoice agree within tolerance."
ORD-2494,matched,clean,,0.99,0.00,"Payment, settlement and invoice agree within tolerance."
ORD-2495,exception,settlement_fee_adjustment,resolved_automatically,0.90,-493.78,Settlement is ₹493.78 below the expected net — consistent with an additional deduction/GST rounding on the payout.
ORD-2496,matched,clean,,0.99,-0.00,"Payment, settlement and invoice agree within tolerance."
ORD-2497,matched,clean,,0.99,0.00,"Payment, settlement and invoice agree within tolerance."
ORD-2498,matched,clean,,0.99,0.00,"Payment, settlement and invoice agree within tolerance."
ORD-2499,matched,clean,,0.99,0.00,"Payment, settlement and invoice agree within tolerance."
